[{"pk": 1000,
  "model": "helios.election",
  "fields":
      {
            "admin": 1,
            "uuid" : "206ef039-05c9-4e9c-bb8f-963da50c08d4",
            "short_name" : "test",
            "name" : "Test Election",
            "election_type" : "election",
            "use_advanced_audit_features" : true,
            "private_p" : false,
            "description" : "test description",
            "public_key" : null,
            "private_key" : null,
            "questions" : [],
            "eligibility": null,
            "openreg": true,
            "featured_p": false,
            "use_voter_aliases" : false,
            "cast_url" : "/helios/elections/206ef039-05c9-4e9c-bb8f-963da50c08d4/cast"
            }
  }
 ]
